{
    "_comment": "Discord Music Bot Egg for Pterodactyl",
    "name": "Discord Music Bot (Python)",
    "author": "contact@manus.im",
    "description": "Un bot musical Discord simple qui lit de la musique depuis YouTube, conçu pour fonctionner sur Pterodactyl.",
    "features": null,
    "docker_image": "ghcr.io/pterodactyl/yolks:python_3.11",
    "startup": "python3.11 bot.py",
    "config": {
        "files": {
            "bot.py": {
                "parser": "file",
                "find": {
                    "in": "bot.py"
                }
            },
            "requirements.txt": {
                "parser": "file",
                "find": {
                    "in": "requirements.txt"
                }
            }
        },
        "startup": {
            "done": "Bot connecté en tant que"
        },
        "logs": {
            "custom": false,
            "location": "logs/latest.log"
        }
    },
    "scripts": {
        "installation": {
            "script": "apt-get update && apt-get install -y ffmpeg libopus-dev libffi-dev libsodium-dev build-essential\n\npip install --upgrade pip\n\npip install -r requirements.txt",
            "container": "ghcr.io/pterodactyl/installers:debian",
            "entrypoint": "bash"
        }
    },
    "variables": [
        {
            "name": "Bot Token",
            "description": "Le token de votre bot Discord. Vous pouvez l'obtenir sur le portail des développeurs Discord.",
            "env_variable": "DISCORD_TOKEN",
            "default_value": "",
            "user_viewable": true,
            "user_editable": true,
            "rules": "required|string"
        },
        {
            "name": "Bot Prefix",
            "description": "Le préfixe pour les commandes de votre bot.",
            "env_variable": "PREFIX",
            "default_value": "!",
            "user_viewable": true,
            "user_editable": true,
            "rules": "required|string"
        }
    ]
}
